recipe_url,image_file
https://recipe.rakuten.co.jp/recipe/1430001874/,recipe_001.jpg
https://recipe.rakuten.co.jp/recipe/1130014436/,recipe_002.jpg
https://recipe.rakuten.co.jp/recipe/1480013583/,recipe_003.jpg
https://recipe.rakuten.co.jp/recipe/1780014543/,recipe_004.jpg
https://recipe.rakuten.co.jp/recipe/1030011833/,recipe_005.jpg
https://recipe.rakuten.co.jp/recipe/1010005300/,recipe_006.jpg
https://recipe.rakuten.co.jp/recipe/1070005834/,recipe_007.jpg
https://recipe.rakuten.co.jp/recipe/1090001352/,recipe_008.jpg
https://recipe.rakuten.co.jp/recipe/1510016953/,recipe_009.jpg
https://recipe.rakuten.co.jp/recipe/1510019635/,recipe_010.jpg
https://recipe.rakuten.co.jp/recipe/1980005459/,recipe_011.jpg
https://recipe.rakuten.co.jp/recipe/1670011559/,recipe_012.jpg
https://recipe.rakuten.co.jp/recipe/1920035611/,recipe_013.jpg
https://recipe.rakuten.co.jp/recipe/1220012287/,recipe_014.jpg
https://recipe.rakuten.co.jp/recipe/1010004478/,recipe_015.jpg
https://recipe.rakuten.co.jp/recipe/1280001191/,recipe_016.jpg
https://recipe.rakuten.co.jp/recipe/1110006398/,recipe_017.jpg
https://recipe.rakuten.co.jp/recipe/1620024560/,recipe_018.jpg
https://recipe.rakuten.co.jp/recipe/1920003005/,recipe_019.jpg
https://recipe.rakuten.co.jp/recipe/1560004245/,recipe_020.jpg
https://recipe.rakuten.co.jp/recipe/1760021742/,recipe_021.jpg
https://recipe.rakuten.co.jp/recipe/1100015998/,recipe_022.jpg
https://recipe.rakuten.co.jp/recipe/1160040539/,recipe_023.jpg
https://recipe.rakuten.co.jp/recipe/1000006727/,recipe_024.jpg
https://recipe.rakuten.co.jp/recipe/1430008253/,recipe_025.jpg
https://recipe.rakuten.co.jp/recipe/1790011842/,recipe_026.jpg
https://recipe.rakuten.co.jp/recipe/1200010691/,recipe_027.jpg
https://recipe.rakuten.co.jp/recipe/1530008017/,recipe_028.jpg
https://recipe.rakuten.co.jp/recipe/1200005143/,recipe_029.jpg
https://recipe.rakuten.co.jp/recipe/1500017065/,recipe_030.jpg
https://recipe.rakuten.co.jp/recipe/1100013915/,recipe_031.jpg
https://recipe.rakuten.co.jp/recipe/1010005546/,recipe_032.jpg
https://recipe.rakuten.co.jp/recipe/1270004903/,recipe_033.jpg
https://recipe.rakuten.co.jp/recipe/1570013252/,recipe_034.jpg
https://recipe.rakuten.co.jp/recipe/1100015772/,recipe_035.jpg
https://recipe.rakuten.co.jp/recipe/1920016901/,recipe_036.jpg
https://recipe.rakuten.co.jp/recipe/1160010972/,recipe_037.jpg
https://recipe.rakuten.co.jp/recipe/1110008756/,recipe_038.jpg
https://recipe.rakuten.co.jp/recipe/1580036764/,recipe_039.jpg
https://recipe.rakuten.co.jp/recipe/1830020943/,recipe_040.jpg
https://recipe.rakuten.co.jp/recipe/1620024220/,recipe_041.jpg
https://recipe.rakuten.co.jp/recipe/1100013932/,recipe_042.jpg
https://recipe.rakuten.co.jp/recipe/1990037480/,recipe_043.jpg
https://recipe.rakuten.co.jp/recipe/1840013598/,recipe_044.jpg
https://recipe.rakuten.co.jp/recipe/1930008554/,recipe_045.jpg
https://recipe.rakuten.co.jp/recipe/1390032175/,recipe_046.jpg
https://recipe.rakuten.co.jp/recipe/1880012320/,recipe_047.jpg
https://recipe.rakuten.co.jp/recipe/1360003718/,recipe_048.jpg
https://recipe.rakuten.co.jp/recipe/1810034423/,recipe_049.jpg
https://recipe.rakuten.co.jp/recipe/1480022457/,recipe_050.jpg
https://recipe.rakuten.co.jp/recipe/1400005428/,recipe_051.jpg
https://recipe.rakuten.co.jp/recipe/1830004695/,recipe_052.jpg
https://recipe.rakuten.co.jp/recipe/1060011638/,recipe_053.jpg
https://recipe.rakuten.co.jp/recipe/1850008069/,recipe_054.jpg
https://recipe.rakuten.co.jp/recipe/1920012106/,recipe_055.jpg
https://recipe.rakuten.co.jp/recipe/1650008544/,recipe_056.jpg
https://recipe.rakuten.co.jp/recipe/1700008102/,recipe_057.jpg
https://recipe.rakuten.co.jp/recipe/1080038341/,recipe_058.jpg
https://recipe.rakuten.co.jp/recipe/1930008993/,recipe_059.jpg
https://recipe.rakuten.co.jp/recipe/1310009378/,recipe_060.jpg
https://recipe.rakuten.co.jp/recipe/1530002857/,recipe_061.jpg
https://recipe.rakuten.co.jp/recipe/1450016919/,recipe_062.jpg
https://recipe.rakuten.co.jp/recipe/1550000517/,recipe_063.jpg
https://recipe.rakuten.co.jp/recipe/1340012013/,recipe_064.jpg
https://recipe.rakuten.co.jp/recipe/1580040352/,recipe_065.jpg
https://recipe.rakuten.co.jp/recipe/1470012250/,recipe_066.jpg
https://recipe.rakuten.co.jp/recipe/1720017483/,recipe_067.jpg
https://recipe.rakuten.co.jp/recipe/1920007468/,recipe_068.jpg
https://recipe.rakuten.co.jp/recipe/1490006058/,recipe_069.jpg
https://recipe.rakuten.co.jp/recipe/1010025020/,recipe_070.jpg
https://recipe.rakuten.co.jp/recipe/1850008512/,recipe_071.jpg
https://recipe.rakuten.co.jp/recipe/1850014643/,recipe_072.jpg
https://recipe.rakuten.co.jp/recipe/1240019600/,recipe_073.jpg
https://recipe.rakuten.co.jp/recipe/1490006720/,recipe_074.jpg
https://recipe.rakuten.co.jp/recipe/1130004197/,recipe_075.jpg
https://recipe.rakuten.co.jp/recipe/1730008625/,recipe_076.jpg
https://recipe.rakuten.co.jp/recipe/1130002894/,recipe_077.jpg
https://recipe.rakuten.co.jp/recipe/1110007466/,recipe_078.jpg
https://recipe.rakuten.co.jp/recipe/1050013212/,recipe_079.jpg
https://recipe.rakuten.co.jp/recipe/1900011115/,recipe_080.jpg
https://recipe.rakuten.co.jp/recipe/1030026968/,recipe_081.jpg
https://recipe.rakuten.co.jp/recipe/1170008576/,recipe_082.jpg
https://recipe.rakuten.co.jp/recipe/1790005975/,recipe_083.jpg
https://recipe.rakuten.co.jp/recipe/1080013159/,recipe_084.jpg
https://recipe.rakuten.co.jp/recipe/1030016316/,recipe_085.jpg
https://recipe.rakuten.co.jp/recipe/1620002753/,recipe_086.jpg
https://recipe.rakuten.co.jp/recipe/1150012329/,recipe_087.jpg
https://recipe.rakuten.co.jp/recipe/1120000187/,recipe_088.jpg
https://recipe.rakuten.co.jp/recipe/1120003422/,recipe_089.jpg
https://recipe.rakuten.co.jp/recipe/1200006164/,recipe_090.jpg
https://recipe.rakuten.co.jp/recipe/1830004236/,recipe_091.jpg
https://recipe.rakuten.co.jp/recipe/1030023151/,recipe_092.jpg
https://recipe.rakuten.co.jp/recipe/1860000343/,recipe_093.jpg
https://recipe.rakuten.co.jp/recipe/1670001861/,recipe_094.jpg
https://recipe.rakuten.co.jp/recipe/1810013337/,recipe_095.jpg
https://recipe.rakuten.co.jp/recipe/1740003967/,recipe_096.jpg
https://recipe.rakuten.co.jp/recipe/1630005703/,recipe_097.jpg
https://recipe.rakuten.co.jp/recipe/1120007223/,recipe_098.jpg
https://recipe.rakuten.co.jp/recipe/1080017367/,recipe_099.jpg
https://recipe.rakuten.co.jp/recipe/1760004379/,recipe_100.jpg
